{
    "קישורים": "kishurim",
    "עין משפט נר מצוה": "ein-mishpat-ner-mitzvah",
    "רב שרירא גאון ערבית": "r-sherira-gaon-arabic-peirush-milim",
    "רב שרירא גאון תרגום לעברית": "r-sherira-gaon-hebrew-translation-peirush-milim",
    "רב האיי גאון": "r-hayyei-gaon",
    "רבי חננאל": "r-chananel",
    "רבי נסים גאון": "r-nissim-gaon",
    "ריף": "rif-by-bavli",
    "מיוחס לרבי גרשום": "attributed-to-r-gershom",
    "הערוך על סדר השס": "collected-from-hearukh",
    "רשי": "rashi",
    "מיוחס לרשי": "attributed-to-rashi",
    "רבי אליקים": "r-elyakim",
    "רי מיגש": "ri-migash",
    "ריבן": "rivan",
    "רשבם": "rashbam",
    "ראבן": "raavan",
    "תוספות": "tosafot",
    "תוספות ישנים": "tosefot-yeshanim",
    "רבי אפרים מרגנשבורג": "r-ephraim-of-regensburg",
    "בעל המאור": "baal-hamaor",
    "ראבד": "raavad",
    "ראבד כתוב שם": "raavad-katuv-sham",
    "פירוש רמבם": "rambam-commentary-on-bavli",
    "רבי ברוך בר שמואל הספרדי": "r-baruch-b-shemuel-hasefaradi",
    "ספר הנר": "sefer-haner",
    "רי מלוניל": "ri-milunel",
    "רבי יהודה אלמדארי": "r-yehuda-almadari",
    "תוספות רבי אלחנן": "tosefot-r-elchanan",
    "תוספות רש משאנץ": "r-shimshon-of-sens",
    "ההשלמה": "hahashlamah",
    "אור זרוע": "or-zarua",
    "תוספות ריד": "tosefot-rid",
    "פסקי ריד": "piskei-rid",
    "המאורות": "hameorot",
    "רמה": "ramah",
    "רבי יונה": "r-yonah",
    "תלמידי רבי יונה": "talmidei-r-yonah",
    "רבי מאיר הכהן מסרקסטה": "r-meir-hakohen-of-saragossa",
    "תוספות ר' משה מלונדריש": "tosefot-r-moshe-of-london",
    "רמבן": "ramban",
    "רמבן מלחמות ה'": "ramban-milchamot-hashem",
    "הלכות נדרים לרמבן": "hilkhot-nedarim-laramban",
    "תוספות איוורא": "tosefot-evreux",
    "תוספות רבי פרץ": "r-peretz",
    "מרדכי": "mordekhai",
    "רבי ישמעאל בן חכמון": "r-yishmael-b-chakhmon",
    "רבי דוד בונפיד": "r-david-bonafed",
    "רשבא": "rashba",
    "ראה": "raah",
    "המכתם": "hamikhtam",
    "מאירי": "meiri",
    "ר' אברהם מן ההר": "r-avraham-of-montpellier",
    "ראש": "rosh",
    "פירוש ראש": "peirush-harosh",
    "תוספות ראש": "tosefot-rosh",
    "ריטבא": "ritva",
    "רבי פרץ הכהן": "r-peretz-hakohen",
    "רן": "ran",
    "מיוחס לשיטה מקובצת": "attributed-to-shitah-mekubetzet",
    "מהרם חלאווה": "r-moshe-chalava",
    "מהרשל חכמת שלמה": "maharshal-chokhmat-shelomo",
    "שיטה מקובצת": "shitah-mekubetzet",
    "מהרשא חידושי הלכות": "maharsha-chidushei-halakhot",
    "מהרשא חידושי אגדות": "maharsha-chidushei-aggadot",
    "פני יהושע": "penei-yehoshua",
    "הפלאה": "haflaah",
    "גליון השס לרעא": "gilyon-hashas",
    "חדושי בעל שרידי אש": "chidushei-baal-seridei-eish",
    "מחקרים – שרידי אש": "mechkarim-seridei-eish",
    "רשימות שיעורים לגריד": "reshimot-shiurim",
    "שיעורי הרב אהרן ליכטנשטיין": "shiurei-harav-aharon-lichtenstein",
    "בירור הלכה": "beirur-halakhah",
    "שטיינזלץ": "steinsaltz-commentary",
    "אסופת מאמרים": "collected-articles"
}