{
    "עולם המשנה": "olam-hamishna",
    "משנה כתב יד קאופמן": "mishna-ms-kaufmann",
    "מקבילות בתוספתא": "tosefta-parallels",
    "קישורים לתלמודים": "kishurim-latalmudim",
    "רשי": "rashi",
    "רבי יעקב בר שמשון": "r-yaakov-b-shimshon",
    "רבי שמעיה": "r-shemayah",
    "רשבם": "rashbam",
    "רבי נתן אב הישיבה": "r-natan-av-hayeshivah",
    "המאסף מפירוש רבי נתן אב הישיבה": "hameasef-mipeirush-r-natan-av-hayeshivah",
    "ראבד": "raavad",
    "רמבם": "rambam-commentary-on-the-mishna",
    "רמבם ערבית": "rambam-commentary-on-the-mishna-arabic",
    "ביאור לפירוש רמבם": "commentary-on-rambam-commentary-on-the-mishna",
    "רמבם טיוטה": "rambam-commentary-on-the-mishna-draft",
    "רמבם טיוטה ערבית": "rambam-commentary-on-the-mishna-draft-arabic",
    "רמבם דפוסים": "rambam-commentary-on-the-mishna-printed-editions",
    "רש משאנץ": "r-shimshon-of-sens",
    "רבי יונה": "r-yonah",
    "מאירי": "meiri",
    "רשבץ": "r-shimon-b-tzemach-duran",
    "נחלת אבות לאברבנאל": "nachalat-avot",
    "רבי עובדיה מברטנורא": "r-ovadyah-mibartenura",
    "ספורנו": "sforno",
    "דרך חיים למהרל": "derekh-chayyim-mishna-avot",
    "מדרש שמואל": "midrash-shemuel-mishna-avot",
    "מלאכת שלמה": "melekhet-shelomo",
    "תוספות יום טוב": "tosefot-yom-tov",
    "עיקר תוספות יום טוב": "ikkar-tosefot-yom-tov",
    "הגאון מוילנא (הגרא)": "vilna-gaon-gra",
    "יין לבנון": "yein-levanon",
    "תפארת ישראל יכין": "tiferet-yisrael-yakhin",
    "תפארת ישראל בועז": "tiferet-yisrael-boaz",
    "מחקרים שרידי אש": "mechkarim-seridei-eish",
    "שיעורי הרב אהרן ליכטנשטיין": "shiurei-harav-aharon-lichtenstein",
    "משנת ארץ ישראל": "mishnat-eretz-yisrael",
    "משנה מעוצבת": "mishna-formatted"
}