{
    "ברכות": "Berakhot",
    "פאה": "Peah",
    "דמאי": "Demai",
    "כלאים": "Kilayim",
    "שביעית": "Sheviit",
    "תרומות": "Terumot",
    "מעשרות": "Maasrot",
    "מעשר שני": "Maaser_Sheni",
    "חלה": "Challah",
    "ערלה": "Orlah",
    "ביכורים": "Bikkurim",
    "שבת": "Shabbat",
    "עירובין": "Eiruvin",
    "פסחים": "Pesachim",
    "שקלים": "Shekalim",
    "ראש השנה": "Rosh_HaShanah",
    "יומא": "Yoma",
    "סוכה": "Sukkah",
    "ביצה": "Beitzah",
    "תענית": "Taanit",
    "מגילה": "Megillah",
    "מועד קטן": "Moed_Katan",
    "חגיגה": "Chagigah",
    "יבמות": "Yevamot",
    "כתובות": "Ketubot",
    "נדרים": "Nedarim",
    "נזיר": "Nazir",
    "סוטה": "Sotah",
    "גיטין": "Gittin",
    "קידושין": "Kiddushin",
    "בבא קמא": "Bava_Kamma",
    "בבא מציעא": "Bava_Metzia",
    "בבא בתרא": "Bava_Batra",
    "סנהדרין": "Sanhedrin",
    "מכות": "Makkot",
    "שבועות": "Shevuot",
    "עדויות": "Eiduyot",
    "עבודה זרה": "Avodah_Zarah",
    "אבות": "Avot",
    "הוריות": "Horayot",
    "זבחים": "Zevachim",
    "מנחות": "Menachot",
    "חולין": "Chulin",
    "בכורות": "Bekhorot",
    "ערכין": "Arakhin",
    "תמורה": "Temurah",
    "כריתות": "Keritot",
    "מעילה": "Meilah",
    "תמיד": "Tamid",
    "מידות": "Middot",
    "קינים": "Kinnim",
    "כלים": "Keilim",
    "אהלות": "Oholot",
    "נגעים": "Negaim",
    "פרה": "Parah",
    "טהרות": "Tahorot",
    "מקואות": "Mikvaot",
    "נדה": "Niddah",
    "מכשירין": "Makhshirin",
    "זבים": "Zavim",
    "טבול יום": "Tevul_Yom",
    "ידים": "Yadayim",
    "עוקצין": "Uktzin"
}
