{
    "משנה תורה דפוסים": "Mishneh_Torah_Printed_Versions",
    "משנה תורה טיוטה": "Mishneh_Torah_Draft",
    "הוגה מספרי": "Huggah_MiSifri",
    "מקורות וקישורים": "Mishneh_Torah_Sources",
    "תשובות הרמבם הקשורות למשנה תורה": "Responsa_of_Rambam_Related_to_Mishneh_Torah",
    "ראבד": "Raavad",
    "ברכת אברהם על משנה תורה": "Birkat_Avraham_on_Mishneh_Torah",
    "תשובות רבי אברהם בן הרמבם על משנה תורה": "Responsa_of_R_Avraham_b_HaRambam_on_Mishneh_Torah",
    "הגהות מיימוניות": "Hagahot_Maimoniyot",
    "ספר המנוחה": "Sefer_HaMenuchah",
    "מגדל עוז": "Migdal_Oz",
    "מגיד משנה": "Maggid_Mishneh",
    "תשובות רבי יהושע הנגיד על משנה תורה": "Responsa_of_R_Yehoshua_HaNaggid_on_Mishneh_Torah",
    "מהרי קורקוס": "R_Yosef_Kurkus",
    "מגיד משנה הלכות שחיטה": "Maggid_Mishneh_Hilkhot_Shechitah",
    "רדבז": "Radbaz",
    "תשובות רדבז על משנה תורה": "Responsa_of_Radbaz_on_Mishneh_Torah",
    "רבי לוי אבן חביב": "R_Levi_ibn_Chaviv",
    "רבי דוד בר' עובדיה": "R_David_b_Ovadiah",
    "פירוש אנונימי": "Anonymous_Commentary_Sefer_HaMadda",
    "כסף משנה": "Kesef_Mishneh",
    "לחם משנה": "Lechem_Mishneh",
    "משנה למלך": "Mishneh_LaMelekh",
    "מעשה רקח": "Maaseh_Rokeach",
    "בני אהובה": "Benei_Ahuvah",
    "שער המלך": "Shaar_HaMelekh",
    "מרכבת המשנה": "Mirkevet_HaMishneh",
    "אור שמח": "Or_Sameach",
    "חדושי ר' חיים הלוי": "Chidushei_R_Chaim_HaLevi",
    "צפנת פענח": "Tzafenat_Paneach_Rogatchover",
    "שבת הארץ": "Shabbat_HaAretz",
    "עבודת המלך": "Avodat_HaMelekh",
    "אבן האזל": "Even_HaEzel",
    "חדושי הגרמ הלוי": "Chidushei_HaGram_HaLevi",
    "חדושי הגרמ והגריד": "Chidushei_HaGram_VeHaGrid",
    "מחקרים שרידי אש": "Mechkarim_Seridei_Eish",
    "רשימות שיעורים לגריד": "Reshimot_Shiurim",
    "יד פשוטה": "Yad_Peshutah"
  }