{
    "יסודי התורה": "Yesodei_HaTorah",
    "דעות": "Deiot",
    "תלמוד תורה": "Talmud_Torah",
    "עבודה זרה וחוקות הגויים": "Avodah_Zarah",
    "תשובה": "Teshuvah",
    "קריאת שמע": "Keriat_Shema",
    "תפילה וברכת כהנים": "Tefillah_uBirkat_Kohanim",
    "תפילין ומזוזה וספר תורה": "Tefillin_uMezuzah_veSefer_Torah",
    "ציצית": "Tzitzit",
    "ברכות": "Berakhot",
    "מילה": "Milah",
    "סדר התפילה": "Seder_Tefilot",
    "שבת": "Shabbat",
    "ערובין": "Eiruvin",
    "שביתת עשור": "Shevitat_Asor",
    "שביתת יום טוב": "Shevitat_Yom_Tov",
    "חמץ ומצה": "Chametz_UMatzah",
    "שופר וסוכה ולולב": "Shofar_veSukkah_veLulav",
    "שקלים": "Shekalim",
    "קידוש החודש": "Kiddush_HaChodesh",
    "תעניות": "Taaniyot",
    "מגילה וחנוכה": "Megillah_vaChanukkah",
    "אישות": "Ishut",
    "גירושין": "Geirushin",
    "ייבום וחליצה": "Yibbum_vaChalitzah",
    "נערה בתולה": "Naarah_Betulah",
    "סוטה": "Sotah",
    "איסורי ביאה": "Issurei_Biah",
    "מאכלות אסורות": "Maakhalot_Asurot",
    "שחיטה": "Shechitah",
    "שבועות": "Shevuot",
    "נדרים": "Nedarim",
    "נזירות": "Nezirut",
    "ערכים וחרמים": "Arakhim_VaCharamim",
    "כלאיים": "Kilayim",
    "מתנות עניים": "Matenot_Aniyyim",
    "תרומות": "Terumot",
    "מעשרות": "Ma'aser",
    "מעשר שני ונטע רבעי": "Ma'aser_Sheini",
    "ביכורים": "Bikurim",
    "שמיטה ויובל": "Shemittah_veYovel",
    "בית הבחירה": "Beit_HaBechira",
    "כלי המקדש והעובדים בו": "Kelei_HaMikdash",
    "ביאת המקדש": "Biat_HaMikdash",
    "איסורי מזבח": "Issurei_Mizbeach",
    "מעשה הקרבנות": "Ma'aseh_HaKorbanot",
    "תמידין ומוספין": "Tamidin_UMusafin",
    "פסולי המוקדשין": "Pesulei_HaMukdashin",
    "עבודת יום הכיפורים": "Avodat_Yom_HaKippurim",
    "מעילה": "Meilah",
    "קרבן פסח": "Korban_Pesach",
    "חגיגה": "Chagigah",
    "בכורות": "Bekhorot",
    "שגגות": "Shegagot",
    "מחוסרי כפרה": "Mechuserei_Kapparah",
    "תמורה": "Temurah",
    "טומאת מת": "Tume'at_Meit",
    "פרה אדומה": "Parah_Adumah",
    "טומאת צרעת": "Tume'at Tzara'at",
    "מטמאי משכב ומושב": "Metame'ei_Mishkav_uMoshav",
    "שאר אבות הטומאות": "She'ar_Avot_haTume'ot",
    "טומאת אוכלין": "Tume'at_Okhelin",
    "כלים": "Keilim",
    "מקוואות": "Mikvot",
    "נזקי ממון": "Nizkei_Mamon",
    "גנבה": "Geneivah",
    "גזילה ואבידה": "Gezeilah_vaAveidah",
    "חובל ומזיק": "Chovel_uMazik",
    "רוצח ושמירת נפש": "Rotzeach_uShemirat_haNefesh",
    "מכירה": "Mekhirah",
    "זכייה ומתנה": "Zekhiyah_uMatanah",
    "שכנים": "Shekheinim",
    "שלוחין ושותפין": "Sheluchin_veShutafin",
    "עבדים": "Avadim",
    "שכירות": "Sekhirut",
    "שאלה ופיקדון": "She'eilah_uPikkadon",
    "מלווה ולווה": "Malveh_veLoveh",
    "טוען ונטען": "To'ein_veNit'an",
    "נחלות": "Nachalot",
    "סנהדרין והעונשין המסורין להם": "Sanhedrin",
    "עדות": "Eidut",
    "ממרים": "Mamrim",
    "אבל": "Eivel",    
    "מלכים ומלחמות": "Melakhim"
}