{
    "בעל המאור": "Baal_HaMaor_Rif",
    "ראבד": "Hasagot_Raavad_on_Rif",
    "ראבד כתוב שם": "Raavad_Katuv_Sham_Rif",
    "השגות ראבד על ריף": "Hasagot_Raavad_on_Rif",
    "רי מלוניל על ריף": "Ri_MiLunel_on_Rif",
    "רבי יהודה אלמדארי": "R_Yehuda_Almadari_Rif",
    "ההשלמה": "HaHashlamah_Rif",
    "מלחמות ה": "Ramban_Milchamot_HaShem_Rif",
    "ספר הזכות לרמבן": "Ramban_Sefer_HaZekhut",
    "תלמידי רבי יונה על ריף": "Talmidei_R_Yonah_on_Rif",
    "מרדכי": "Mordekhai_Rif",
    "רן על ריף": "Ran_on_Rif",
    "נימוקי יוסף על ריף": "Nimmukei_Yosef_on_Rif",
    "הלכות הריף כפשוטן": "Hilkhot_HaRif_Kifshutan"
  }
