{
    "מקורות וקישורים לשוע": "Shulchan_Arukh_Sources",
    "באר הגולה": "Beer_HaGolah",
    "סמע": "Sema",
    "טז": "Taz",
    "חלקת מחוקק": "Chelkat_Mechokek",
    "שך": "Shakh",
    "נקודות הכסף": "Nekudot_HaKesef",
    "מגן אברהם": "Magen_Avraham",
    "עטרת זקנים": "Ateret_Zekeinim",
    "בית שמואל": "Beit_Shemuel",
    "אליה רבה": "Eliyah_Rabbah",
    "חק יעקב": "Chok_Yaakov",
    "תורת השלמים": "Torat_HaShelamim",
    "באר היטב": "Baer_Heitev",
    "כרתי ופלתי כרתי": "Kereti_uPleti_Kereti",
    "כרתי ופלתי פלתי": "Kereti_uPleti_Pleti",
    "אורים ותומים אורים": "Urim_veTumim_Urim",
    "אורים ותומים תומים": "Urim_veTumim_Tumim",
    "דגול מרבבה": "Dagul_MeRevavah",
    "אשל אברהם (אופנהיים)": "Eishel_Avraham_Oppenheim",
    "ביאור הגרא": "Beur_HaGra",
    "מחצית השקל": "Machatzit_HaShekel",
    "פרי מגדים אשל אברהם": "Peri_Megadim_Eishel_Avraham",
    "פרי מגדים משבצות זהב": "Peri_Megadim_Mishbetzot_Zahav",
    "פרי מגדים שפתי דעת": "Peri_Megadim_Siftei_Daat",
    "קצות החושן": "Ketzot_HaChoshen",
    "חכמת אדם": "Chokhmat_Adam",
    "לבושי שרד": "Levushei_Serad",
    "הגהות רבי עקיבא איגר": "Hagahot_R_Akiva_Eiger",
    "שערי תשובה": "Shaarei_Teshuvah",
    "נתיבות המשפט ביאורים": "Netivot_HaMishpat_Beurim",
    "נתיבות המשפט חידושים": "Netivot_HaMishpat_Chiddushim",
    "יד אפרים": "Yad_Ephraim",
    "חכמת שלמה": "Chokhmat_Shelomo",
    "פתחי תשובה": "Pitchei_Teshuvah",
    "משנה ברורה": "Mishna_Berurah",
    "ביאור הלכה": "Beur_Halakhah",
    "חבל יוסף אולם המשפט": "Chevel_Yosef",
    "כף החיים": "Kaf_HaChayyim",
    "אוצר הפוסקים": "Otzar_HaPoskim",
    "שולחן ערוך כפשוטו": "Shulchan_Arukh_Kifshuto",
    "טור": "Tur",
    "בית יוסף": "Beit_Yosef",
    "אור חדש תשלום בית יוסף": "Or_Chadash_Tashlum_Beit_Yosef",
    "דרכי משה": "Darkhei_Moshe",
    "דרישה": "Derishah",
    "פרישה": "Perishah",
    "בח": "Bach",
    "חידושי מהרי הלוי": "Chidushei_Mahari_HaLevi",
    "מטה שמעון": "Mateh_Shimon",
    "שולחן ערוך הרב": "Shulchan_Arukh_HaRav",
    "ערוך השולחן": "Arukh_HaShulchan"
  }