{
    "מקבילות במקרא": "Biblical_Parallels",
    "מוני המצוות": "Mitzvot_Links",
    "אודיו": "Audio",
    "עולם המקרא": "Olam_HaMikra",
    "אסופת מאמרים": "Collected_Articles",
    "תורה שלמה": "Torah_Shelemah",
    "תרגום עברי": "Hebrew_Translation",
    "מדרשי הלכה": "Midreshei_Halakhah",
    "תרגום אונקלוס": "Targum_Onkelos",
    "פרשגן": "Parshegen",
    "תרגום ירושלמי (ניאופיטי)": "Targum_Yerushalmi_(Neofiti)",
    "תרגום ירושלמי (יונתן)": "Targum_Yerushalmi_(Yonatan)",
    "תרגום ירושלמי (יונתן) מתורגם לעברית": "Targum_Yerushalmi_(Yonatan)_Hebrew_Translation",
    "תרגום ירושלמי (קטעים)": "Targum_Yerushalmi_(Fragmentary)",
    "תרגום": "Targum",
    "בראשית רבה": "Bereshit_Rabbah_Sectioned",
    "שמות רבה": "Shemot_Rabbah_Sectioned",
    "ויקרא רבה": "Vayikra_Rabbah_Sectioned",
    "במדבר רבה": "Bemidbar_Rabbah_Sectioned",
    "דברים רבה": "Devarim_Rabbah_Sectioned",
    "שיר השירים רבה": "Shir_HaShirim_Rabbah_Sectioned",
    "רות רבה": "Rut_Rabbah_Sectioned",
    "איכה רבה": "Eikhah_Rabbah_Sectioned",
    "קהלת רבה": "Kohelet_Rabbah_Sectioned",
    "אסתר רבה": "Esther_Rabbah_Sectioned",
    "מדרש תנחומא": "Tanchuma_Sectioned",
    "מדרש תנחומא (בובר)": "Tanchuma_(Buber)_Sectioned",
    "מדרש שמואל": "Midrash_Shemuel",
    "מדרש משלי": "Midrash_Mishlei",
    "מדרש תהלים": "Midrash_Tehillim",
    "מדרש זוטא": "Midrash_Zuta",
    "מדרש אבא גוריון": "Midrash_Abba_Gurion",
    "בראשית רבתי": "Bereshit_Rabbati",
    "מדרש אגדה (בובר)": "Midrash_Aggadah_(Buber)",
    "ילקוט שמעוני": "Yalkut_Shimoni",
    "אגן הסהר - מלוקט מספר הזהר": "Aggan_HaSahar_-_Collected_from_Zohar",
    "רסג תפסיר ערבית": "Rasag_Tafsir_Arabic",
    "רסג תפסיר תרגום לעברית": "Rasag_Tafsir_Hebrew",
    "רסג פירוש": "Rasag_Commentary",
    "רסג פירוש ערבית": "Rasag_Commentary_Arabic",
    "מבית מדרשו של רסג": "Beit_Midrash_of_R._Saadia_Gaon",
    "מיוחס לתלמיד רסג": "Attributed_to_Student_of_R._Saadia_Gaon",
    "רבי חננאל": "R._Chananel",
    "רבי משה אבן ג'יקטילה": "R._Moshe_ibn_Chiquitilla",
    "רבי יהודה אבן בלעם": "R._Yehuda_ibn_Balaam",
    "רשי": "Rashi",
    "לקח טוב": "Lekach_Tov",
    "שכל טוב": "Seikhel_Tov",
    "רי קרא": "R._Yosef_Kara",
    "רשבם": "Rashbam",
    "מיוחס לרשבם": "Attributed_to_Rashbam",
    "דייקות לרשבם": "Dayyakot_LeRashbam",
    "אבן עזרא": "Ibn_Ezra",
    "רי קמחי הפירוש הארוך": "R._Yosef_Kimchi_Long_Commentary",
    "רי קמחי הפירוש הקצר": "R._Yosef_Kimchi_Short_Commentary",
    "מיוחס לרי קרא": "Attributed_to_R._Yosef_Kara",
    "ליקוט מכתבי הרמבם": "Rambam_Likkut",
    "רי בכור שור": "R._Yosef_Bekhor_Shor",
    "רא מבלגנצי": "R._Eliezer_of_Beaugency",
    "פירוש מחכמי צרפת": "Anonymous_Northern_French_Commentary",
    "ליקוט מחכמי צרפת": "Collected_Northern_French_Commentary",
    "רמ קמחי": "R._Moshe_Kimchi",
    "רדק": "Radak",
    "ריד": "Rid",
    "רבי יונה": "R._Yonah",
    "רבי אברהם בן הרמבם": "R._Avraham_b._HaRambam",
    "חזקוני": "Chizkuni",
    "פענח רזא": "Paneach_Raza",
    "קיצור פענח רזא": "Kitzur_Paneach_Raza",
    "רמבן": "Ramban",
    "רבי תנחום הירושלמי תרגום לעברית": "R._Tanchum_HaYerushalmi_Hebrew_Translation",
    "מאירי": "Meiri",
    "רבי בחיי": "R._Bachya",
    "רבי יוסף נחמיאש": "R._Yosef_Nachmias",
    "מנחת יהודה": "Minchat_Yehuda",
    "הדר זקנים": "Hadar_Zekeinim",
    "דעת זקנים": "Daat_Zekeinim",
    "מיוחס לראש": "Attributed_to_Rosh",
    "טור הפירוש הארוך": "Tur_Long_Commentary",
    "טור הפירוש הקצר": "Tur_Short_Commentary",
    "רבי בנימין בר יהודה": "R._Binyamin_b._Yehuda",
    "רי אבן כספי": "R._Yosef_ibn_Kaspi",
    "רלבג": "Ralbag",
    "רבי יוסף אבן שושן": "R._Yosef_ibn_Shushan",
    "רבי אברהם בר שלמה": "R._Avraham_b._Shelomo",
    "עקדת יצחק": "Akeidat_Yitzchak",
    "מזרחי": "R._Eliyahu_Mizrachi",
    "אברבנאל": "Abarbanel",
    "צרור המור": "Tzeror_HaMor",
    "רבי מאיר עראמה": "R._Meir_Arama",
    "רע ספורנו": "Sforno",
    "שיעורי ספורנו": "Shiurei_Sforno",
    "רבי יוסף אבן יחייא": "R._Yosef_ibn_Yachya",
    "תולדות אהרן": "Toledot_Aharon",
    "רבי משה אלשיך": "R._Moshe_Alshikh",
    "מעשי ה'": "Ma'asei_Hashem",
    "גור אריה": "Gur_Aryeh",
    "מהרל": "Maharal",
    "אור חדש למהרל": "Or_Chadash",
    "כלי יקר": "Keli_Yekar",
    "מנחת שי": "Minchat_Shai",
    "שפתי חכמים": "Siftei_Chakhamim",
    "מלאכת מחשבת": "Melekhet_Machshevet",
    "מצודות": "Metzudot",
    "אור החיים": "Or_HaChayyim",
    "אדרת אליהו לגרא": "Vilna_Gaon_(GR\"A)",
    "ר' נה וויזל": "R._N.H._Wessely",
    "הרכסים לבקעה": "HaRekhasim_Levik'ah",
    "ר' אברהם בן הגרא": "R._Avraham_b._HaGRA",
    "רבי יש ריגייו": "R._Y.S._Reggio",
    "הכתב והקבלה": "HaKetav_VeHaKabbalah",
    "שדל": "Shadal",
    "אהבת יונתן": "Ahavat_Yonatan",
    "רשר הירש": "R._S.R._Hirsch",
    "מלבים": "Malbim",
    "נציב": "Netziv",
    "הואיל משה": "Hoil_Moshe",
    "אם למקרא": "Em_LaMikra",
    "רדצ הופמן": "R._David_Zvi_Hoffmann",
    "משך חכמה": "Meshekh_Chokhmah",
    "תורה תמימה": "Torah_Temimah",
    "מקראות שלובות": "Mikraot_Sheluvot",
    "ליקוט הערות מסורה": "Selected_Masoretic_Notes"
}
