{
    "תוספתא דפוסים": "Tosefta_Printings",
    "שינויי נוסחאות": "Tosefta_Apparatus",
    "מקבילות במשנה": "Mishna_Parallels",
    "מחקרים שרידי אש": "Mechkarim_Seridei_Eish",
    "מסורת התוספתא": "Masoret_HaTosefta",
    "פירוש קצר": "Tosefta_Short_Commentary",
    "תוספתא כפשוטה": "Tosefta_Kifshutah",
    "ביאור לתוספתא": "Tosefta_Commentary",
    "הרחבות לביאור התוספתא": "Tosefta_Excurses",
    "תוספתא מעוצבת": "Tosefta_Formatted"
  }