{
  "מקורות וקישורים לטור": "Tur_Sources",
  "בית יוסף": "Beit_Yosef",
  "אור חדש – תשלום בית יוסף": "Or_Chadash_Tashlum_Beit_Yosef",
  "דרכי משה": "Darkhei_Moshe",
  "דרישה": "Derishah",
  "פרישה": "Perishah",
  "בח": "Bach",
  "חידושי מהרי הלוי": "Chidushei_Mahari_Halevi",
  "מטה שמעון": "Mateh_Shimom",
    "ערוך השולחן":"Arukh_HaShulchan",
  "שולחן ערוך": "Shulchan_Arukh",
  "סמע": "Sema",
  "טז": "Taz",
  "חלקת מחוקק": "Chelkat_Mechokek",
  "שך": "Shakh",
  "נקודות הכסף": "Nekudot_Hakesef",
  "מגן אברהם": "Magen_Avraham",
  "עטרת זקנים": "Ateret_Zekeinim",
  "בית שמואל": "Beit_Shemuel",
  "אליה רבה": "Eliyah_Rabbah",
  "חק יעקב": "Chok_Yaakov",
  "תורת השלמים": "Torat_HaShelamim",
  "באר היטב": "Baer_Heitev",
  "כרתי ופלתי – כרתי": "Kereti_uPleti_Kereti",
  "כרתי ופלתי – פלתי": "Kereti_uPleti_Pleti",
  "אורים ותומים – אורים": "Urim_veTumim_Urim",
  "אורים ותומים – תומים": "Urim_veTumim_Tumim",
  "דגול מרבבה": "Dagul_MeRevavah",
  "אשל אברהם (אופנהיים)": "Eishel_Avraham_Oppenheim",
  "ביאור הגרא": "Beur_HaGra",
  "שולחן ערוך הרב": "Shulchan_Arukh_HaRav",
  "מחצית השקל": "Machatzit_HaShekel",
  "פרי מגדים – אשל אברהם": "Peri_Megadim_Eishel_Avraham"
}
