{
    "קישורים": "Kishurim",
    "ירושלמי כתב יד ליידן": "Yerushalmi_MS_Leiden",
    "הלכות הירושלמי לרמבם": "Hilkhot_HaYerushalmi_LaRambam",
    "ריבבן": "Rivevan",
    "קרבן העדה": "Korban_HaEdah",
    "שיירי קרבן": "Sheyarei_Korban",
    "פני משה": "Penei_Moshe",
    "מראה הפנים": "Mareh_HaPanim",
    "חידושי רידבז": "Chidushei_Ridbaz",
    "תוספות רידבז": "Tosefot_Ridbaz",
    "מחקרים שרידי אש": "Mechkarim_Seridei_Eish",
    "הירושלמי כפשוטו": "HaYerushalmi_Kifshuto",
    "אור לישרים": "Ohr_LaYesharim",
    "גלי ים": "Galei_Yam",
    "דף יומי אודיו": "Audio_Yerushalmi"
  }